FileFieldId	FileId	FieldName	DataType	Validation	SparkColType	ColumnLength	Mandatory
1	10000	ACCOUNTNO	varchar(19)	IFNULL	StringType()	19	TRUE
2	10000	CUSTOMERID	varchar(25)	IFNULL	StringType()	25	TRUE
3	10000	STATF_DECLINED_REISSUE	CHAR(1)	null	StringType()	1	FALSE
4	10000	STATF_REISSUE_OVERRIDE	CHAR(1)	null	StringType()	1	FALSE
5	10000	STATF_CREDIT_COUNSELING	CHAR(1)	IFNULL	StringType()	1	TRUE
6	10000	STATF_MEMO_POST_TODAY	CHAR(1)	null	StringType()	1	FALSE
7	10000	STATF_DEBIT_ACTV_TODAY	CHAR(1)	null	StringType()	1	FALSE
8	10000	STATF_CREDIT_ACTV_TODAY	CHAR(1)	null	StringType()	1	FALSE
9	10000	STATF_ACTIVE_TODAY	CHAR(1)	null	StringType()	1	FALSE
10	10000	STATF_REORDER_CHECK_TODAY	CHAR(1)	null	StringType()	1	FALSE
11	10000	STATF_ACTIVE_THIS_MONTH	CHAR(1)	null	StringType()	1	FALSE
12	10000	STATF_ACTIVE_THIS_YEAR	CHAR(1)	null	StringType()	1	FALSE
13	10000	STATF_ACTIVE_LAST_YEAR	CHAR(1)	null	StringType()	1	FALSE
14	10000	STATF_ACTIVE_SINCE_OPENED	CHAR(1)	null	StringType()	1	FALSE
15	10000	STATF_ACTIVE_THIS_CYCLE	CHAR(1)	null	StringType()	1	FALSE
16	10000	STATF_ADDR_CHNG_THIS_CYC	CHAR(1)	null	StringType()	1	FALSE
17	10000	STATF_PAYMENT_ACT_THIS_CY	CHAR(1)	null	StringType()	1	FALSE
18	10000	STATF_PAYMENT_REV_THIS_CY	CHAR(1)	null	StringType()	1	FALSE
19	10000	STATF_CASH_ACT_THIS_CYC	CHAR(1)	null	StringType()	1	FALSE
20	10000	STATF_CASH_REV_THIS_CYC	CHAR(1)	null	StringType()	1	FALSE
21	10000	STATF_PUR_ACT_THIS_CYC	CHAR(1)	null	StringType()	1	FALSE
22	10000	STATF_PUR_REV_THIS_CYC	CHAR(1)	null	StringType()	1	FALSE
23	10000	STATF_CREDIT_ACT_THIS_CYC	CHAR(1)	null	StringType()	1	FALSE
24	10000	STATF_CREDIT_REV_THIS_CYC	CHAR(1)	null	StringType()	1	FALSE
25	10000	STATF_CLI_THIS_CYCLE	CHAR(1)	null	StringType()	1	FALSE
26	10000	STATF_SOLDIER_SAILOR_ACT	CHAR(1)	null	StringType()	1	FALSE
27	10000	STATF_PD_LETTER_OVRIDE	CHAR(1)	null	StringType()	1	FALSE
28	10000	STATF_PD_NOTICE_OVRIDE	CHAR(1)	null	StringType()	1	FALSE
29	10000	STATF_PD_STMT_MSG_OVRIDE	CHAR(1)	null	StringType()	1	FALSE
30	10000	STATF_OL_LETTER_OVRIDE	CHAR(1)	null	StringType()	1	FALSE
31	10000	STATF_OL_NOTICE_OVRIDE	CHAR(1)	null	StringType()	1	FALSE
32	10000	STATF_OL_STMT_MSG_OVRIDE	CHAR(1)	null	StringType()	1	FALSE
33	10000	STATF_POTENTIAL_PURGE	CHAR(1)	null	StringType()	1	FALSE
34	10000	STATF_WARNING_BULLETIN	CHAR(1)	null	StringType()	1	FALSE
35	10000	STATF_ASSOC_EXCP_FILE	CHAR(1)	null	StringType()	1	FALSE
36	10000	STATF_POTENTIAL_CHARGEOFF	CHAR(1)	null	StringType()	1	FALSE
37	10000	STATF_REINSTATE_CHARGEOFF	CHAR(1)	null	StringType()	1	FALSE
38	10000	STATF_REFUSED_TO_PAY	CHAR(1)	null	StringType()	1	FALSE
39	10000	STATF_BROKEN_PROMISE	CHAR(1)	null	StringType()	1	FALSE
40	10000	STATF_SKIP_TRACE	CHAR(1)	null	StringType()	1	FALSE
41	10000	STATF_RECOVERY	CHAR(1)	null	StringType()	1	FALSE
42	10000	STATF_REFINANCED	CHAR(1)	null	StringType()	1	FALSE
43	10000	STATF_PAID_BY_DEALER	CHAR(1)	null	StringType()	1	FALSE
44	10000	STATF_TERMS_DEFAULT	CHAR(1)	null	StringType()	1	FALSE
45	10000	STATF_PAID_BY_COSIGNER	CHAR(1)	null	StringType()	1	FALSE
46	10000	STATF_ASSIGNOR_LOAN_ASSUM	CHAR(1)	null	StringType()	1	FALSE
47	10000	STATF_XFER_ANOTHER_LENDE	CHAR(1)	null	StringType()	1	FALSE
48	10000	STATF_GUARANTEED_LOAN	CHAR(1)	null	StringType()	1	FALSE
49	10000	STATF_POST_XFR_PAYMENT	CHAR(1)	null	StringType()	1	FALSE
50	10000	STATF_PRIOR_CARD_EXP	CHAR(1)	null	StringType()	1	FALSE
51	10000	STATF_FRAUD	CHAR(1)	null	StringType()	1	FALSE
52	10000	STATF_DISPUTE_DISAGREE	CHAR(1)	null	StringType()	1	FALSE
53	10000	WAIVE_LATE_FEE_FLAG	CHAR(1)	null	StringType()	1	FALSE
54	10000	WAIVE_OVERLIMIT_FEE_FLAG	CHAR(1)	null	StringType()	1	FALSE
55	10000	WAIVE_FCHG_FLAG	CHAR(1)	null	StringType()	1	FALSE
56	10000	PAID_IN_FULL_FLAG	CHAR(1)	null	StringType()	1	FALSE
57	10000	ALLOW_AUTO_LIMIT_INCREASE	CHAR(1)	null	StringType()	1	FALSE
58	10000	AUTO_PAYMENT_METHOD	CHAR(1)	null	StringType()	1	FALSE
59	10000	DEFER_REASON_CODE	CHAR(1)	null	StringType()	1	FALSE
60	10000	REPORT_TO_BUREAU_OVRD_IND	CHAR(1)	null	StringType()	1	FALSE
61	10000	INSURANCE_INDICATOR	CHAR(1)	null	StringType()	1	FALSE
62	10000	TEMPORARY_LIMIT_IND	CHAR(1)	null	StringType()	1	FALSE
63	10000	STATC_SECURITY_FRAUD	CHAR(2)	null	StringType()	2	FALSE
64	10000	STATC_CLOSED	CHAR(2)	null	StringType()	2	FALSE
65	10000	STATC_CHARGEOFF	CHAR(2)	null	StringType()	2	FALSE
66	10000	STATC_CURRENT_OVERLIMIT	CHAR(2)	null	StringType()	2	FALSE
67	10000	STATC_CURRENT_PAST_DUE	CHAR(2)	null	StringType()	2	FALSE
68	10000	STATC_TRANSFER	CHAR(2)	null	StringType()	2	FALSE
69	10000	STATC_LEGAL	CHAR(2)	null	StringType()	2	FALSE
70	10000	STATC_WATCH	CHAR(2)	null	StringType()	2	FALSE
71	10000	STATC_RETURN_MAIL	CHAR(2)	null	StringType()	2	FALSE
72	10000	STATC_SKIP_A_PAYMENT	CHAR(2)	null	StringType()	2	FALSE
73	10000	STATC_STOP_PMT_ON_FILE	CHAR(2)	null	StringType()	2	FALSE
74	10000	STATC_APPLICATION	CHAR(2)	null	StringType()	2	FALSE
75	10000	STATC_FIRST_USE	CHAR(2)	null	StringType()	2	FALSE
76	10000	STATC_FORECLOSURE	CHAR(2)	null	StringType()	2	FALSE
77	10000	STATC_FIXED_PAYMENT	CHAR(2)	null	StringType()	2	FALSE
78	10000	STATC_CREDIT_REVOKED	CHAR(2)	null	StringType()	2	FALSE
79	10000	STATC_CIT_ACCEPTED	CHAR(2)	null	StringType()	2	FALSE
80	10000	STATC_DISPUTE	CHAR(2)	null	StringType()	2	FALSE
81	10000	TYPEC_VIP	CHAR(2)	null	StringType()	2	FALSE
82	10000	TYPEC_EMPLOYEE	CHAR(2)	null	StringType()	2	FALSE
83	10000	TYPEC_TYPE	CHAR(2)	null	StringType()	2	FALSE
84	10000	CUSTOM_DATA_10	CHAR(1)	null	StringType()	1	FALSE
85	10000	CUSTOM_DATA_11	CHAR(1)	null	StringType()	1	FALSE
86	10000	CUSTOM_DATA_12	CHAR(1)	null	StringType()	1	FALSE
87	10000	CUSTOM_DATA_13	CHAR(1)	null	StringType()	1	FALSE
88	10000	CUSTOM_DATA_14	CHAR(1)	null	StringType()	1	FALSE
89	10000	CUSTOM_DATA_20	CHAR(2)	null	StringType()	2	FALSE
90	10000	CUSTOM_DATA_21	CHAR(2)	null	StringType()	2	FALSE
91	10000	CUSTOM_DATA_22	CHAR(2)	null	StringType()	2	FALSE
92	10000	CUSTOM_DATA_23	CHAR(2)	null	StringType()	2	FALSE
93	10000	CUSTOM_DATA_24	CHAR(2)	null	StringType()	2	FALSE
94	10000	CUSTOM_DATA_40	CHAR(4)	null	StringType()	4	FALSE
95	10000	CUSTOM_DATA_41	CHAR(4)	null	StringType()	4	FALSE
96	10000	CUSTOM_DATA_42	CHAR(4)	null	StringType()	4	FALSE
97	10000	CUSTOM_DATA_43	CHAR(4)	null	StringType()	4	FALSE
98	10000	CUSTOM_DATA_44	CHAR(4)	null	StringType()	4	FALSE
99	10000	CUSTOM_DATA_60	CHAR(6)	null	StringType()	6	FALSE
100	10000	CUSTOM_DATA_61	CHAR(6)	null	StringType()	6	FALSE
101	10000	CUSTOM_DATA_62	CHAR(6)	null	StringType()	6	FALSE
102	10000	CUSTOM_DATA_63	CHAR(6)	null	StringType()	6	FALSE
103	10000	CUSTOM_DATA_64	CHAR(6)	null	StringType()	6	FALSE
104	10000	CUSTOM_DATA_80	CHAR(8)	null	StringType()	8	FALSE
105	10000	CUSTOM_DATA_81	CHAR(8)	null	StringType()	8	FALSE
106	10000	OVERDRAFT_PROTECTION	CHAR(1)	null	StringType()	1	FALSE
107	10000	DUAL_TYPE_CODE	CHAR(1)	null	StringType()	1	FALSE
108	10000	TSYS_PRODUCT_CODE	CHAR(2)	null	StringType()	2	FALSE
109	10000	CLIENT_PRODUCT_CODE	CHAR(3)	null	StringType()	3	FALSE
110	10000	TS1_CREDIT_RATE_EQUIV	CHAR(2)	null	StringType()	2	FALSE
111	10000	TS1_CR_RATE_EQUIV_PREV	CHAR(2)	null	StringType()	2	FALSE
112	10000	STATE_PROVINCE_ORIGINAL	CHAR(3)	null	StringType()	3	FALSE
113	10000	BRANCH	CHAR(6)	null	StringType()	6	FALSE
114	10000	REGION_CODE	CHAR(3)	null	StringType()	3	FALSE
115	10000	ACQ_STRATEGY_CODE	CHAR(6)	null	StringType()	6	FALSE
116	10000	ACCOUNT_NUM_OTHER	CHAR(19)	null	StringType()	19	FALSE
117	10000	SECURITIZATION_POOL_ID1	CHAR(6)	null	StringType()	6	FALSE
118	10000	SECURITIZATION_POOL_ID2	CHAR(6)	null	StringType()	6	FALSE
119	10000	OPERATOR_REISSUE_ACTION	CHAR(6)	null	StringType()	6	FALSE
120	10000	OPER_OVR_CASH_LIMIT	CHAR(6)	null	StringType()	6	FALSE
121	10000	OFFICER_CODE	CHAR(6)	null	StringType()	6	FALSE
122	10000	PROFITABILITY_GRADE	CHAR(1)	null	StringType()	1	FALSE
123	10000	COLLATERAL_CODE	CHAR(6)	null	StringType()	6	FALSE
124	10000	COLL_LAST_WORK_OPER	CHAR(6)	null	StringType()	6	FALSE
125	10000	COLL_LAST_AC	CHAR(2)	null	StringType()	2	FALSE
126	10000	COLL_LAST_RS	CHAR(2)	null	StringType()	2	FALSE
127	10000	AUTO_PAYMENT_CODE	CHAR(2)	null	StringType()	2	FALSE
128	10000	AUTO_PAYMENT_USER_ACCT	CHAR(17)	null	StringType()	17	FALSE
129	10000	DISCLOSURE_GRP	CHAR(8)	null	StringType()	8	FALSE
130	10000	PREV_DISCLOSURE_GRP	CHAR(8)	null	StringType()	8	FALSE
131	10000	ALTERNATE_DISCLOSURE_GRP	CHAR(8)	null	StringType()	8	FALSE
132	10000	ALT_DISCLOSURE_STATUS	CHAR(1)	null	StringType()	1	FALSE
133	10000	PREV_ALT_DISCLOSURE_GRP	CHAR(8)	null	StringType()	8	FALSE
134	10000	ANNUAL_FEE_OVRIDE_REASON	CHAR(2)	null	StringType()	2	FALSE
135	10000	LAST_LETTER_REQID	CHAR(6)	null	StringType()	6	FALSE
136	10000	EXPIRATION_ACCT_ACTV	CHAR(1)	null	StringType()	1	FALSE
137	10000	EXP_ACCT_PRIOR_ACTV	CHAR(1)	null	StringType()	1	FALSE
138	10000	ACTION_LAST_LIMIT_REVIEW	CHAR(1)	null	StringType()	1	FALSE
139	10000	LAST_TYPE_CHECK_ORDER	CHAR(1)	null	StringType()	1	FALSE
140	10000	LAST_NOTICE_REQID	CHAR(6)	null	StringType()	6	FALSE
141	10000	PROMO_SOLICIT_CODE	CHAR(15)	null	StringType()	15	FALSE
142	10000	SOLICITATION_RECORD_ID	CHAR(15)	null	StringType()	15	FALSE
143	10000	CLCHG_STATUS	CHAR(1)	null	StringType()	1	FALSE
144	10000	CLCHG_TYPE	CHAR(1)	null	StringType()	1	FALSE
145	10000	STMT_MESSAGE1	CHAR(5)	null	StringType()	5	FALSE
146	10000	STMT_MESSAGE2	CHAR(5)	null	StringType()	5	FALSE
147	10000	STMT_MESSAGE3	CHAR(5)	null	StringType()	5	FALSE
148	10000	TRIAD_STMT_MSG1	CHAR(5)	null	StringType()	5	FALSE
149	10000	TRIAD_STMT_MSG2	CHAR(5)	null	StringType()	5	FALSE
150	10000	TRIAD_STMT_MSG3	CHAR(5)	null	StringType()	5	FALSE
151	10000	ACCT_RETENTION_STRAT	CHAR(6)	null	StringType()	6	FALSE
152	10000	AUTH_EVAL_RESPONSE	CHAR(1)	null	StringType()	1	FALSE
153	10000	REISSUE_SCHEDULE_OVERRIDE	CHAR(1)	null	StringType()	1	FALSE
154	10000	REISSUE_OVERRIDE_OPERATOR	CHAR(6)	null	StringType()	6	FALSE
155	10000	REISSUE_ACTION1	CHAR(2)	null	StringType()	2	FALSE
156	10000	REISSUE_ACTION2	CHAR(2)	null	StringType()	2	FALSE
157	10000	REISSUE_ACTION3	CHAR(2)	null	StringType()	2	FALSE
158	10000	REISSUE_ACTION4	CHAR(2)	null	StringType()	2	FALSE
159	10000	REISSUE_STAGE	CHAR(2)	null	StringType()	2	FALSE
160	10000	ANN_FEE_PRENOTE	CHAR(1)	null	StringType()	1	FALSE
161	10000	BANKCARD_DEPOSIT_ACCT_IND	CHAR(1)	null	StringType()	1	FALSE
162	10000	STATC_CLIENT_DEFINED	CHAR(2)	null	StringType()	2	FALSE
163	10000	OPERATOR_ID_MAINT_LIMIT	CHAR(6)	null	StringType()	6	FALSE
164	10000	OD_PROTECT_COAP_CHK1	CHAR(1)	null	StringType()	1	FALSE
165	10000	OD_PROTECT_COAP_CHK2	CHAR(1)	null	StringType()	1	FALSE
166	10000	OD_PROTECT_COAP_CHK3	CHAR(1)	null	StringType()	1	FALSE
167	10000	OD_PROTECT_PRIM_CHK1	CHAR(1)	null	StringType()	1	FALSE
168	10000	OD_PROTECT_PRIM_CHK2	CHAR(1)	null	StringType()	1	FALSE
169	10000	OD_PROTECT_PRIM_CHK3	CHAR(1)	null	StringType()	1	FALSE
170	10000	ACCT_TRANSFER_INPROGRESS	CHAR(1)	null	StringType()	1	FALSE
171	10000	ICS_OPTION_ID	DECIMAL(2,0)	null	IntegerType()	2	FALSE
172	10000	OPT_SET_PROFIT_GRADE	CHAR(3)	null	StringType()	3	FALSE
173	10000	OPT_SET_CRV	DECIMAL(2,0)	null	IntegerType()	2	FALSE
174	10000	OPT_SET_TRAN_REBATE	DECIMAL(3,0)	null	IntegerType()	3	FALSE
175	10000	OPT_SET_TRIAD_RASCOLL	DECIMAL(5,0)	null	IntegerType()	5	FALSE
176	10000	OPT_SET_COLLECTION	DECIMAL(3,0)	null	IntegerType()	3	FALSE
177	10000	OPT_SET_CB_REPORT	DECIMAL(3,0)	null	IntegerType()	3	FALSE
178	10000	OPT_SET_CIT	DECIMAL(4,0)	null	IntegerType()	4	FALSE
179	10000	OPT_SET_MIN_PAYMENT	DECIMAL(4,0)	null	IntegerType()	4	FALSE
180	10000	OPT_SET_DISPUTE	DECIMAL(2,0)	null	IntegerType()	2	FALSE
181	10000	POTENTIAL_EXCP_STATUS	CHAR(2)	null	StringType()	2	FALSE
182	10000	POTENTIAL_EXCP_REASON	CHAR(2)	null	StringType()	2	FALSE
183	10000	OPT_SET_ACCT_WORK	DECIMAL(2,0)	null	IntegerType()	2	FALSE
184	10000	OPT_SET_CONVENIENCE_CK	DECIMAL(2,0)	null	IntegerType()	2	FALSE
185	10000	OPT_SET_SMALL_BAL_WRITEOF	DECIMAL(2,0)	null	IntegerType()	2	FALSE
186	10000	OPT_SET_CREDIT_BAL_REFUND	DECIMAL(2,0)	null	IntegerType()	2	FALSE
187	10000	OPT_SET_SKIP_A_PAY	DECIMAL(3,0)	null	IntegerType()	3	FALSE
188	10000	OPT_SET_MISC	DECIMAL(3,0)	null	IntegerType()	3	FALSE
189	10000	OPT_SET_CHARGEOFF	DECIMAL(3,0)	null	IntegerType()	3	FALSE
190	10000	BANKRUPTCY_TYPE	DECIMAL(2,0)	null	IntegerType()	2	FALSE
191	10000	OPT_SET_PROFITABILITY	CHAR(3)	null	StringType()	3	FALSE
192	10000	OPT_SET_CYCLE_ASSIGN	DECIMAL(2,0)	null	IntegerType()	2	FALSE
193	10000	OPT_SET_CREDIT_LINE	DECIMAL(3,0)	null	IntegerType()	3	FALSE
194	10000	OPT_SET_ORIG_ACE	DECIMAL(5,0)	null	IntegerType()	5	FALSE
195	10000	OPT_SET_REISSUE	DECIMAL(3,0)	null	IntegerType()	3	FALSE
196	10000	OPT_SET_AUTH	DECIMAL(3,0)	null	IntegerType()	3	FALSE
197	10000	OPT_SET_ANN_FEE_REBATE	DECIMAL(3,0)	null	IntegerType()	3	FALSE
198	10000	OPT_SET_CLOSE	DECIMAL(2,0)	null	IntegerType()	2	FALSE
199	10000	OPT_SET_POTENTIAL_PURGE	DECIMAL(2,0)	null	IntegerType()	2	FALSE
200	10000	OPT_SET_SECURITY	DECIMAL(3,0)	null	IntegerType()	3	FALSE
201	10000	PROD_CHANGE_TODAY_IND	CHAR(1)	null	StringType()	1	FALSE
202	10000	TNDM_AUTH_PROCESS_TYPE	CHAR(2)	null	StringType()	2	FALSE
203	10000	OPT_SET_JOB_TITLE	DECIMAL(2,0)	null	IntegerType()	2	FALSE
204	10000	OPT_SET_ALERT_FILE	DECIMAL(3,0)	null	IntegerType()	3	FALSE
205	10000	OPT_SET_STATC_AUTO_EFFECT	DECIMAL(2,0)	null	IntegerType()	2	FALSE
206	10000	OPTION_SET_AUTO_PAYMENT	DECIMAL(2,0)	null	IntegerType()	2	FALSE
207	10000	STATEMENT_OPT_SET	DECIMAL(4,0)	null	IntegerType()	4	FALSE
208	10000	STMT_INSERT_GROUP_ID	DECIMAL(3,0)	null	IntegerType()	3	FALSE
209	10000	NEXT_TRAN_REBATE_MONTH	DECIMAL(2,0)	null	IntegerType()	2	FALSE
210	10000	ADDRESS_CODE_CARD	DECIMAL(2,0)	null	IntegerType()	2	FALSE
211	10000	ADDRESS_CODE_STMT	DECIMAL(2,0)	null	IntegerType()	2	FALSE
212	10000	ADDRESS_CODE_GENL	DECIMAL(2,0)	null	IntegerType()	2	FALSE
213	10000	CARD_HOLD_CODE	DECIMAL(3,0)	null	IntegerType()	3	FALSE
214	10000	STATEMENT_HOLD_CODE	DECIMAL(3,0)	null	IntegerType()	3	FALSE
215	10000	LTR_NOT_HOLD_CODE	DECIMAL(3,0)	null	IntegerType()	3	FALSE
216	10000	BILLING_CYCLE	DECIMAL(2,0)	null	IntegerType()	2	FALSE
217	10000	STATC_HIGHLY_ACTIVE	CHAR(2)	null	StringType()	2	FALSE
218	10000	OVR_AUTO_PAY_DAY	DECIMAL(2,0)	null	IntegerType()	2	FALSE
219	10000	ANN_FEE_RENEWAL_MONTH	DECIMAL(2,0)	null	IntegerType()	2	FALSE
220	10000	SAC	DECIMAL(4,0)	null	IntegerType()	4	FALSE
221	10000	CLIENT_ADDR_DIR	DECIMAL(4,0)	null	IntegerType()	4	FALSE
222	10000	SOLICITATION_NUMBER	DECIMAL(6,0)	null	IntegerType()	6	FALSE
223	10000	REISSUE_ACTN_POWER_LEVEL1	DECIMAL(2,0)	null	IntegerType()	2	FALSE
224	10000	REISSUE_ACTN_POWER_LEVEL2	DECIMAL(2,0)	null	IntegerType()	2	FALSE
225	10000	REISSUE_ACTN_POWER_LEVEL3	DECIMAL(2,0)	null	IntegerType()	2	FALSE
226	10000	REISSUE_ACTN_POWER_LEVEL4	DECIMAL(2,0)	null	IntegerType()	2	FALSE
227	10000	AUTH_EVAL_REASON	DECIMAL(4,0)	null	IntegerType()	4	FALSE
228	10000	INCURRENT_IND	CHAR(1)	null	StringType()	1	FALSE
229	10000	PRINT_ACCT_STATEMENT_IND	CHAR(1)	null	StringType()	1	FALSE
230	10000	STATC_MISC_TRANSFER	CHAR(2)	null	StringType()	2	FALSE
231	10000	OPER_FUTURE_CREDIT_LIMIT	CHAR(6)	null	StringType()	6	FALSE
232	10000	REISSUE_REINSTATEMENT_IND	CHAR(1)	null	StringType()	1	FALSE
233	10000	CR_BAL_REFUND_OVRIDE_IND	DECIMAL(1,0)	null	IntegerType()	1	FALSE
234	10000	CREDIT_BALANCE_REFUND_IND	CHAR(1)	null	StringType()	1	FALSE
235	10000	RECOVERY_TODAY_IND	CHAR(1)	null	StringType()	1	FALSE
236	10000	STATC_ICS	CHAR(2)	null	StringType()	2	FALSE
237	10000	DATE_REISSUE_SCHED_OVRIDE	DECIMAL(7,0)	null	IntegerType()	7	FALSE
238	10000	DATE_POTENTIAL_PURGE	DECIMAL(7,0)	null	IntegerType()	7	FALSE
239	10000	CHGOFF_REINSTATE_TDY_IND	CHAR(1)	null	StringType()	1	FALSE
240	10000	STANDARD_NOTICE_IND	CHAR(1)	null	StringType()	1	FALSE
241	10000	DATE_LAST_OD_MAINT	DECIMAL(7,0)	null	IntegerType()	7	FALSE
242	10000	DATE_AUTOPAY_EFFECTIVE	DECIMAL(7,0)	null	IntegerType()	7	FALSE
243	10000	DATE_PRIOR_REISSUE_ACTION	DECIMAL(7,0)	null	IntegerType()	7	FALSE
244	10000	DATE_ACCOUNT_OPEN	DECIMAL(7,0)	null	IntegerType()	7	FALSE
245	10000	DATE_LAST_MAINTENANCE	DECIMAL(7,0)	null	IntegerType()	7	FALSE
246	10000	LIMIT_CREDIT	DECIMAL(11,0)	null	IntegerType()	11	FALSE
247	10000	LIMIT_ORIGINAL_CREDIT	DECIMAL(11,0)	null	IntegerType()	11	FALSE
248	10000	MONEY_AVAILABLE	DECIMAL(11,0)	null	IntegerType()	11	FALSE
249	10000	CASH_AVAILABLE	DECIMAL(11,0)	null	IntegerType()	11	FALSE
250	10000	AMT_LAST_LIMIT_CHG	DECIMAL(11,0)	null	IntegerType()	11	FALSE
251	10000	DATE_LAST_LIMIT_CHG	DECIMAL(7,0)	null	IntegerType()	7	FALSE
252	10000	DATE_LAST_LIMIT_REVIEW	DECIMAL(7,0)	null	IntegerType()	7	FALSE
253	10000	DATE_NEXT_LIMIT_REVIEW	DECIMAL(7,0)	null	IntegerType()	7	FALSE
254	10000	DATE_CLOSE	DECIMAL(7,0)	null	IntegerType()	7	FALSE
255	10000	DATE_CARD_SURRENDER	DECIMAL(7,0)	null	IntegerType()	7	FALSE
256	10000	DATE_CIT_ACCEPT	DECIMAL(7,0)	null	IntegerType()	7	FALSE
257	10000	DATE_LAST_CHECK_ORDER	DECIMAL(7,0)	null	IntegerType()	7	FALSE
258	10000	NUM_CHECKS_LAST_ORDERED	DECIMAL(3,0)	null	IntegerType()	3	FALSE
259	10000	CHECKNUM_LAST_ISSUED	DECIMAL(5,0)	null	IntegerType()	5	FALSE
260	10000	NUM_CHECKS_OUT	DECIMAL(3,0)	null	IntegerType()	3	FALSE
261	10000	DATE_SEC_POOL_ID1	DECIMAL(7,0)	null	IntegerType()	7	FALSE
262	10000	DATE_SEC_POOL_ID2	DECIMAL(7,0)	null	IntegerType()	7	FALSE
263	10000	NUM_ACCT_CARDS_OUT	DECIMAL(7,0)	null	IntegerType()	7	FALSE
264	10000	NUM_ACCT_CARDS_TO_REISSUE	DECIMAL(7,0)	null	IntegerType()	7	FALSE
265	10000	DATE_LAST_REISSUE_EVAL	DECIMAL(7,0)	null	IntegerType()	7	FALSE
266	10000	DATE_REISSUE_ACTION	DECIMAL(7,0)	null	IntegerType()	7	FALSE
267	10000	ORIG_ACE_VERSION_OPT_SET	DECIMAL(3,0)	null	IntegerType()	3	FALSE
268	10000	WAIVE_OVERLIMIT_MONTHS	DECIMAL(3,0)	null	IntegerType()	3	FALSE
269	10000	EXPIRATION_ACCT_CARD	DECIMAL(7,0)	null	IntegerType()	7	FALSE
270	10000	EXP_ACCT_PRIOR_CARD	DECIMAL(7,0)	null	IntegerType()	7	FALSE
271	10000	DATE_CIT_EFFECTIVE	DECIMAL(7,0)	null	IntegerType()	7	FALSE
272	10000	ANNUAL_FEE_OVRIDE_AMT	DECIMAL(13,2)	null	IntegerType()	13	FALSE
273	10000	DATE_LAST_LETTER_REQID	DECIMAL(7,0)	null	IntegerType()	7	FALSE
274	10000	NUM_LETTERS_PRINTED_LTD	DECIMAL(3,0)	null	IntegerType()	3	FALSE
275	10000	DATE_LAST_NOTICE_REQID	DECIMAL(7,0)	null	IntegerType()	7	FALSE
276	10000	NUM_NOTICE_PRINTED_LTD	DECIMAL(3,0)	null	IntegerType()	3	FALSE
277	10000	NUM_BILLED_LTD	DECIMAL(3,0)	null	IntegerType()	3	FALSE
278	10000	NUM_STMT_LTD	DECIMAL(3,0)	null	IntegerType()	3	FALSE
279	10000	NUM_STMT_WITH_FCHG_LTD	DECIMAL(3,0)	null	IntegerType()	3	FALSE
280	10000	DATE_CIT_DECLINE_EFF	DECIMAL(7,0)	null	IntegerType()	7	FALSE
281	10000	DT_LST_MAINT_LTE_FEE_WAIV	DECIMAL(7,0)	null	IntegerType()	7	FALSE
282	10000	DT_LST_MAINT_OL_FEE_WAIVE	DECIMAL(7,0)	null	IntegerType()	7	FALSE
283	10000	DATE_LAST_DISCL_GRP_CHG	DECIMAL(7,0)	null	IntegerType()	7	FALSE
284	10000	DATE_ALT_DISCL_GRP_CHG	DECIMAL(7,0)	null	IntegerType()	7	FALSE
285	10000	DATE_STOP_ALT_DISCL_GRP	DECIMAL(7,0)	null	IntegerType()	7	FALSE
286	10000	DT_LAST_MAINT_FCHG_WAIVE	DECIMAL(7,0)	null	IntegerType()	7	FALSE
287	10000	DATE_START_ALT_DISCL_GRP	DECIMAL(7,0)	null	IntegerType()	7	FALSE
288	10000	USER_ACCOUNT_TRANSIT_RTG	DECIMAL(9,0)	null	IntegerType()	9	FALSE
289	10000	DATE_LAST_AUTO_PAY_MNT	DECIMAL(7,0)	null	IntegerType()	7	FALSE
290	10000	NBR_LETTERS_TODAY	DECIMAL(3,0)	null	IntegerType()	3	FALSE
291	10000	NBR_LETTERS_CYCLE	DECIMAL(3,0)	null	IntegerType()	3	FALSE
292	10000	NBR_NOTICES_TODAY	DECIMAL(3,0)	null	IntegerType()	3	FALSE
293	10000	NBR_NOTICES_CYCLE	DECIMAL(3,0)	null	IntegerType()	3	FALSE
294	10000	MDS_COLLECT_BEHAVIOR_SCOR	DECIMAL(5,0)	null	IntegerType()	5	FALSE
295	10000	MDS_AUTH_BEHAVIOR_SCORE	DECIMAL(5,0)	null	IntegerType()	5	FALSE
296	10000	PROFITABILITY_SCORE	DECIMAL(7,0)	null	IntegerType()	7	FALSE
297	10000	PRESCREEN_SCORE	DECIMAL(5,0)	null	IntegerType()	5	FALSE
298	10000	DATE_PRE_SCORE	DECIMAL(7,0)	null	IntegerType()	7	FALSE
299	10000	CREDIT_SCORE_ORG	DECIMAL(5,0)	null	IntegerType()	5	FALSE
300	10000	DATE_ACE_EVAL_ORG	DECIMAL(7,0)	null	IntegerType()	7	FALSE
301	10000	CREDIT_SCORE_CUR	DECIMAL(5,0)	null	IntegerType()	5	FALSE
302	10000	DATE_CREDIT_SCORE_CUR	DECIMAL(7,0)	null	IntegerType()	7	FALSE
303	10000	DATE_LAST_ADDR_CODE_CHG	DECIMAL(7,0)	null	IntegerType()	7	FALSE
304	10000	DT_LST_MNT_ANNL_FEE_OR_ST	DECIMAL(7,0)	null	IntegerType()	7	FALSE
305	10000	DATE_LAST_BILLING	DECIMAL(7,0)	null	IntegerType()	7	FALSE
306	10000	DATE_PREV_STATEMENT	DECIMAL(7,0)	null	IntegerType()	7	FALSE
307	10000	DATE_COLL_STAT_MAINT	DECIMAL(7,0)	null	IntegerType()	7	FALSE
308	10000	DATE_ACCT_STAT_MAINT	DECIMAL(7,0)	null	IntegerType()	7	FALSE
309	10000	DATE_CB_STAT_MAINT	DECIMAL(7,0)	null	IntegerType()	7	FALSE
310	10000	NUM_TIMES_TRANSFERRED	DECIMAL(2,0)	null	IntegerType()	2	FALSE
311	10000	NUM_AUTHORIZATIONS_OUT	DECIMAL(5,0)	null	IntegerType()	5	FALSE
312	10000	AMT_AUTHORIZATIONS_OUT	DECIMAL(13,2)	null	IntegerType()	13	FALSE
313	10000	DATE_LAST_AUTHORIZATION	DECIMAL(7,0)	null	IntegerType()	7	FALSE
314	10000	AMT_LAST_AUTHORIZATION	DECIMAL(13,2)	null	IntegerType()	13	FALSE
315	10000	DATE_SECURITY_FRAUD_STAT	DECIMAL(7,0)	null	IntegerType()	7	FALSE
316	10000	DATE_FRAUD_FLAG	DECIMAL(7,0)	null	IntegerType()	7	FALSE
317	10000	DTE_LAST_COLL_RISK_OS_MNT	DECIMAL(7,0)	null	IntegerType()	7	FALSE
318	10000	DATE_LAST_CREDIT_OS_MNT	DECIMAL(7,0)	null	IntegerType()	7	FALSE
319	10000	DTE_LAST_CUST_SERV_OS_MNT	DECIMAL(7,0)	null	IntegerType()	7	FALSE
320	10000	DATE_LAST_CARDS_OS_MAINT	DECIMAL(7,0)	null	IntegerType()	7	FALSE
321	10000	DATE_LAST_STMT_OS_MAINT	DECIMAL(7,0)	null	IntegerType()	7	FALSE
322	10000	DATE_LAST_TERMS_OS_MAINT	DECIMAL(7,0)	null	IntegerType()	7	FALSE
323	10000	DATE_LAST_FEATURE_OS_MNT	DECIMAL(7,0)	null	IntegerType()	7	FALSE
324	10000	DATE_LAST_MISC_OS_MNT	DECIMAL(7,0)	null	IntegerType()	7	FALSE
325	10000	DTE_LAST_OVR_CASH_LMT_MNT	DECIMAL(7,0)	null	IntegerType()	7	FALSE
326	10000	LIMIT_CREDIT_TEMP_SAVE	DECIMAL(11,0)	null	IntegerType()	11	FALSE
327	10000	DTE_START_TEMP_CRDT_LMT	DECIMAL(7,0)	null	IntegerType()	7	FALSE
328	10000	DTE_STOP_TEMP_CREDIT_LMT	DECIMAL(7,0)	null	IntegerType()	7	FALSE
329	10000	LIMIT_CASH_OVRIDE	DECIMAL(11,0)	null	IntegerType()	11	FALSE
330	10000	DATE_START_OVR_CASH_LIMIT	DECIMAL(7,0)	null	IntegerType()	7	FALSE
331	10000	DATE_STOP_OVR_CASH_LIMIT	DECIMAL(7,0)	null	IntegerType()	7	FALSE
332	10000	CUSTOM_DATA_90	DECIMAL(9,0)	null	IntegerType()	9	FALSE
333	10000	CUSTOM_DATA_91	DECIMAL(9,0)	null	IntegerType()	9	FALSE
334	10000	STATF_PRODUCT_CHANGE	CHAR(1)	null	StringType()	1	FALSE
335	10000	DATE_PRODUCT_CHANGE	DECIMAL(7,0)	null	IntegerType()	7	FALSE
336	10000	OPER_CASH_LIMIT_ASSIGN	CHAR(6)	null	StringType()	6	FALSE
337	10000	OPER_FUTURE_CASH_LIMIT	CHAR(6)	null	StringType()	6	FALSE
338	10000	NUM_AUTHS_PRIOR_CTD	DECIMAL(7,0)	null	IntegerType()	7	FALSE
339	10000	NUM_AUTHS_CURRENT_CTD	DECIMAL(7,0)	null	IntegerType()	7	FALSE
340	10000	DAILY_FEE_TOTAL_AMT	DECIMAL(13,2)	null	IntegerType()	13	FALSE
341	10000	DATE_AUTO_CB_FRAUD_STAT	DECIMAL(7,0)	null	IntegerType()	7	FALSE
342	10000	PRODCHG_REI_PINMLR_IND	CHAR(1)	null	StringType()	1	FALSE
343	10000	NUM_DAYS_CREDIT_BAL	DECIMAL(3,0)	null	IntegerType()	3	FALSE
344	10000	NUM_COLL_FEE_SINCE_CURR	DECIMAL(5,0)	null	IntegerType()	5	FALSE
345	10000	DATE_LAST_CONTACT	DECIMAL(7,0)	null	IntegerType()	7	FALSE
346	10000	OPT_SET_PURCH_ANALYSIS	DECIMAL(2,0)	null	IntegerType()	2	FALSE
347	10000	DELINQUENT_MAINT_DATE	DECIMAL(7,0)	null	IntegerType()	7	FALSE
348	10000	STATC_ASST_PROGRAM	CHAR(2)	null	StringType()	2	FALSE
349	10000	ACE_INPUT_SOURCE	CHAR(1)	null	StringType()	1	FALSE
350	10000	STATF_OVR_LIMIT_OPT_IN	CHAR(1)	null	StringType()	1	FALSE
351	10000	NUM_VRU_CALLS	DECIMAL(3,0)	null	IntegerType()	3	FALSE
352	10000	NUM_VRU_HANGUPS	DECIMAL(3,0)	null	IntegerType()	3	FALSE
353	10000	NUM_VRU_ACCESS_CODE_ERROR	DECIMAL(3,0)	null	IntegerType()	3	FALSE
354	10000	OPT_SET_ACCT_NUM_ASSIGN	DECIMAL(5,0)	null	IntegerType()	5	FALSE
355	10000	OPT_SET_PRODUCT_UPGRADE	DECIMAL(4,0)	null	IntegerType()	4	FALSE
356	10000	PD_LETTER_OVRIDE_SUPP	DECIMAL(1,0)	null	IntegerType()	1	FALSE
357	10000	PD_NOTICE_OVRIDE_SUPP	DECIMAL(1,0)	null	IntegerType()	1	FALSE
358	10000	PD_STMT_OVRIDE_SUPP	DECIMAL(1,0)	null	IntegerType()	1	FALSE
359	10000	OL_LETTER_OVRIDE_SUPP	DECIMAL(1,0)	null	IntegerType()	1	FALSE
360	10000	OL_NOTICE_OVRIDE_SUPP	DECIMAL(1,0)	null	IntegerType()	1	FALSE
361	10000	OL_STMT_OVRIDE_SUPP	DECIMAL(1,0)	null	IntegerType()	1	FALSE
362	10000	WAIVE_LATE_FEE_SUPP	DECIMAL(1,0)	null	IntegerType()	1	FALSE
363	10000	WAIVE_OVERLIMIT_FEE_SUPP	DECIMAL(1,0)	null	IntegerType()	1	FALSE
364	10000	REPORT_TO_BUREAU_OVR_SUPP	DECIMAL(1,0)	null	IntegerType()	1	FALSE
365	10000	DT_LST_MAINT_FX_WAIVE	DECIMAL(7,0)	null	IntegerType()	7	FALSE
366	10000	PAYMENT_HIERARCHY_TYPE	CHAR(1)	null	StringType()	1	FALSE
367	10000	SINGLE_TO_MULTI_PC	CHAR(1)	null	StringType()	1	FALSE
368	10000	PREV_STATC_CHARGEOFF	CHAR(2)	null	StringType()	2	FALSE
369	10000	STATC_CURR_OL_AUTH_OVR	CHAR(1)	null	StringType()	1	FALSE
370	10000	1099C_PURGE_IND	CHAR(1)	null	StringType()	1	FALSE
371	10000	TSYS_ALERT_IND	CHAR(1)	null	StringType()	1	FALSE
372	10000	CASH_LIMIT	DECIMAL(13,2)	null	IntegerType()	13	FALSE
373	10000	DATE_DEL_PRF_PRICE_YYYYMM	DECIMAL(7,0)	null	IntegerType()	7	FALSE
374	10000	PERFORMANCE_PRICE_SWI	CHAR(1)	null	StringType()	1	FALSE
375	10000	ACCOUNT_IDENTIFIER	DECIMAL(11,0)	null	IntegerType()	11	FALSE
376	10000	OPT_SET_CSRW	DECIMAL(3,0)	null	IntegerType()	3	FALSE
377	10000	DATE_MONEY_AVAILABLE_CHG	DECIMAL(7,0)	null	IntegerType()	7	FALSE
378	10000	OPT_SET_PROMO_TERMS	DECIMAL(4,0)	null	IntegerType()	4	FALSE
379	10000	AMT_EST_INTERCHG_CTD	DECIMAL(13,2)	null	IntegerType()	13	FALSE
380	10000	AMT_EST_INTERCHG_YTD	DECIMAL(13,2)	null	IntegerType()	13	FALSE
381	10000	CB_RISK_SCORE_ORG	DECIMAL(5,0)	null	IntegerType()	5	FALSE
382	10000	FORCE_STMT_IND	CHAR(1)	null	StringType()	1	FALSE
383	10000	STMT_MSG_FX	CHAR(5)	null	StringType()	5	FALSE
384	10000	STATF_INACTIVE	CHAR(1)	null	StringType()	1	FALSE
385	10000	STATF_CLM	CHAR(1)	null	StringType()	1	FALSE
386	10000	STATF_CRV	CHAR(1)	null	StringType()	1	FALSE
387	10000	REAGE_OS	DECIMAL(3,0)	null	IntegerType()	3	FALSE
388	10000	STATF_CHGOFF_LAG	CHAR(1)	null	StringType()	1	FALSE
389	10000	SERV_FEE_OS	CHAR(4)	null	StringType()	4	FALSE
390	10000	NUM_AUTH_CASH_OUT	DECIMAL(3,0)	null	IntegerType()	3	FALSE
391	10000	AMT_AUTH_CASH_OUT	DECIMAL(13,2)	null	IntegerType()	13	FALSE
392	10000	AVMNY_PAD_AMT	DECIMAL(13,2)	null	IntegerType()	13	FALSE
393	10000	AVMNY_CASH_PAD_AMT	DECIMAL(13,2)	null	IntegerType()	13	FALSE
394	10000	TNDM_AUTH_PROC_TYPE_ALT	CHAR(2)	null	StringType()	2	FALSE
395	10000	TNDM_AUTH_PROC_TIER_SDATE	DECIMAL(7,0)	null	IntegerType()	7	FALSE
396	10000	TNDM_AUTH_PROC_ALT_EDATE	DECIMAL(7,0)	null	IntegerType()	7	FALSE
397	10000	AUTH_NEW_REI_IND	CHAR(1)	null	StringType()	1	FALSE
398	10000	NEURAL_STAT_CHNG_TDY_IND	CHAR(1)	null	StringType()	1	FALSE
399	10000	STATC_CO_1099_RPT	CHAR(2)	null	StringType()	2	FALSE
400	10000	STATC_CLOSED_DATE_MNT	DECIMAL(7,0)	null	IntegerType()	7	FALSE
401	10000	STATC_CRVK_MNT_DATE	DECIMAL(7,0)	null	IntegerType()	7	FALSE
402	10000	STATC_CRVK_ADD_DATE	DECIMAL(7,0)	null	IntegerType()	7	FALSE
403	10000	STATC_DLQ	CHAR(2)	null	StringType()	2	FALSE
404	10000	STATF_INACTIVE_DATE	DECIMAL(7,0)	null	IntegerType()	7	FALSE
405	10000	STATC_REAGE_AUTO	CHAR(2)	null	StringType()	2	FALSE
406	10000	STATC_REAGE_MAN	CHAR(2)	null	StringType()	2	FALSE
407	10000	ALT_DISCL_GRP_NEW	CHAR(8)	null	StringType()	8	FALSE
408	10000	ALT_DSCL_GRP_NEW_SDATE	DECIMAL(7,0)	null	IntegerType()	7	FALSE
409	10000	ALT_DSCL_GRP_NEW_EDATE	DECIMAL(7,0)	null	IntegerType()	7	FALSE
410	10000	MNA_ID	DECIMAL(5,0)	null	IntegerType()	5	FALSE
411	10000	MEMBER_NUM	CHAR(19)	null	StringType()	19	FALSE
412	10000	BRPT_SCORE01	DECIMAL(5,0)	null	IntegerType()	5	FALSE
413	10000	BRPT_SCORE02	DECIMAL(5,0)	null	IntegerType()	5	FALSE
414	10000	BRPT_SCORE03	DECIMAL(5,0)	null	IntegerType()	5	FALSE
415	10000	BRPT_SCORE04	DECIMAL(5,0)	null	IntegerType()	5	FALSE
416	10000	DATE_BRPT_SCORE_GEN	DECIMAL(7,0)	null	IntegerType()	7	FALSE
417	10000	CUSTOM_DATA_92	DECIMAL(9,0)	null	IntegerType()	9	FALSE
418	10000	CUSTOM_DATA_93	DECIMAL(9,0)	null	IntegerType()	9	FALSE
419	10000	TIME_AVAIL_CALC	DECIMAL(7,0)	null	IntegerType()	7	FALSE
420	10000	SUB_CVI_PROCESSING	CHAR(1)	null	StringType()	1	FALSE
421	10000	OPT_SET_DBT	CHAR(3)	null	StringType()	3	FALSE
422	10000	ACCOUNT_PROCESSING_TYPE	CHAR(1)	null	StringType()	1	FALSE
423	10000	STATC_BUREAU_DISPUTE	CHAR(2)	null	StringType()	2	FALSE
424	10000	FLOAT_PAY_OVERRIDE	CHAR(1)	null	StringType()	1	FALSE
425	10000	CREDIT_LMT_LAST_PAY_CALC	DECIMAL(11,0)	null	IntegerType()	11	FALSE
426	10000	LANGUAGE_CODE_BEGIN_CYCLE	CHAR(3)	null	StringType()	3	FALSE
427	10000	MULTI_CARD_NUM_IND	CHAR(1)	null	StringType()	1	FALSE
428	10000	STATC_MOC	CHAR(2)	null	StringType()	2	FALSE
429	10000	PHOTO_CARD_IND_MAINT	CHAR(1)	null	StringType()	1	FALSE
430	10000	DATE_LAST_STMT_REPRT	DECIMAL(7,0)	null	IntegerType()	7	FALSE
431	10000	TLP_IND	DECIMAL(1,0)	null	IntegerType()	1	FALSE
432	10000	STATF_NEW_ACCT_TDY	CHAR(1)	null	StringType()	1	FALSE
433	10000	STATF_CLOS_RVOK_TDY	CHAR(1)	null	StringType()	1	FALSE
434	10000	STATC_RECENCY	CHAR(2)	null	StringType()	2	FALSE
435	10000	CUSTOM_CODE_CLIENT_NUM	CHAR(4)	null	StringType()	4	FALSE
436	10000	AUTH_RETURNED_MERCH_AMT	DECIMAL(13,2)	null	IntegerType()	13	FALSE
437	10000	DT_FIRST_DLQ	DECIMAL(7,0)	null	IntegerType()	7	FALSE
438	10000	AUTH_PAYMENT_AMT	DECIMAL(13,2)	null	IntegerType()	13	FALSE
439	10000	PREV_REGION_CODE	CHAR(3)	null	StringType()	3	FALSE
440	10000	CNCY_CODE	CHAR(3)	null	StringType()	3	FALSE
441	10000	STATC_TIERED_AUTH	CHAR(2)	null	StringType()	2	FALSE
442	10000	STATC_WATCH_DT_MAINT	DECIMAL(7,0)	null	IntegerType()	7	FALSE
443	10000	OPT_SET_PROFITMAX	CHAR(3)	null	StringType()	3	FALSE
444	10000	FGN_EXCH_WAIVE_FLAG	CHAR(1)	null	StringType()	1	FALSE
445	10000	NBR_CYCLES_SUSPEND	DECIMAL(1,0)	null	IntegerType()	1	FALSE
446	10000	DATE_LST_PC_POSTED	DECIMAL(7,0)	null	IntegerType()	7	FALSE
447	10000	STATF_FRAUD_AUTH_EXCL	CHAR(1)	null	StringType()	1	FALSE
448	10000	BLOCKED_CARDS_CNT	DECIMAL(3,0)	null	IntegerType()	3	FALSE
449	10000	ALT_CLIENT_PRODUCT_CODE	CHAR(3)	null	StringType()	3	FALSE
450	10000	STATC_CURR_PD_AUTH_OVR	CHAR(1)	null	StringType()	1	FALSE
451	10000	STATF_PMAX_IE	CHAR(1)	null	StringType()	1	FALSE
452	10000	TNDM_AUTH_PROC_TIER_EDATE	DECIMAL(7,0)	null	IntegerType()	7	FALSE
453	10000	DATE_LAST_PERM_CR_CHG	DECIMAL(7,0)	null	IntegerType()	7	FALSE
454	10000	ADDRESS_CODE_EMAIL	DECIMAL(2,0)	null	IntegerType()	2	FALSE
455	10000	STATC_DORMANT	CHAR(2)	null	StringType()	2	FALSE
456	10000	STATF_ADVANTAGE	CHAR(1)	null	StringType()	1	FALSE
457	10000	OPT_SET_BAL_XFER	CHAR(4)	null	StringType()	4	FALSE
458	10000	PROD_CHNG_OFFER_STATUS	CHAR(1)	null	StringType()	1	FALSE
459	10000	LAST_PROD_CNG_OFFER_CDE	CHAR(3)	null	StringType()	3	FALSE
460	10000	LAST_PROD_CNG_OFFER_DTE	DECIMAL(7,0)	null	IntegerType()	7	FALSE
461	10000	CREDIT_LIMIT_SEQ_NUM	DECIMAL(3,0)	null	IntegerType()	3	FALSE
462	10000	OPT_SET_ANN_FEE	DECIMAL(4,0)	null	IntegerType()	4	FALSE
463	10000	OPT_SET_ACCT_FEE	DECIMAL(4,0)	null	IntegerType()	4	FALSE
464	10000	OPT_SET_TRANS_FEE	DECIMAL(4,0)	null	IntegerType()	4	FALSE
465	10000	TBAL_LEVEL_TERM_IND	CHAR(1)	null	StringType()	1	FALSE
466	10000	STATF_REFUND_BLOCK	CHAR(1)	null	StringType()	1	FALSE
467	10000	STOP_RECURRING_PYMTS	CHAR(1)	null	StringType()	1	FALSE
468	10000	DSCL_PRIVACY_POLICY_IND	CHAR(1)	null	StringType()	1	FALSE
469	10000	PREVIOUS_RECENCY	CHAR(2)	null	StringType()	2	FALSE
470	10000	STATF_ACCT_CYCLED_TODAY	CHAR(1)	null	StringType()	1	FALSE
471	10000	OPT_SET_CHIP_CARD_READR	DECIMAL(2,0)	null	IntegerType()	2	FALSE
472	10000	DELINQUENT_MAINT_USERID	CHAR(6)	null	StringType()	6	FALSE
473	10000	AMTC_EXPIRATION_DATE	DECIMAL(4,0)	null	IntegerType()	4	FALSE
474	10000	INACTIVE_FLAG	CHAR(1)	null	StringType()	1	FALSE
475	10000	APPLICATION_NUM	DECIMAL(12,0)	null	IntegerType()	12	FALSE
476	10000	APPLICATION_SUFFIX	DECIMAL(2,0)	null	IntegerType()	2	FALSE
477	10000	SEGMENT_LENGTH	DECIMAL(4,0)	null	IntegerType()	4	FALSE
478	10000	CLIENT_NUM	DECIMAL(4,0)	null	IntegerType()	4	FALSE
480	10000	APPLICATION_SUFFIX	DECIMAL(2,0)	null	IntegerType()	2	FALSE
481	10000	CONTACT_TYPE	CHAR(1)	null	StringType()	1	FALSE
482	10000	CONTACT_COUNTER	DECIMAL(3,0)	null	IntegerType()	3	FALSE
483	10000	APPLICATION_NUM	DECIMAL(12,0)	null	IntegerType()	12	FALSE
485	10000	PMT_STMT_INSERT_1	CHAR(1)	null	StringType()	1	FALSE
486	10000	PMT_STMT_INSERT_2	CHAR(1)	null	StringType()	1	FALSE
487	10000	PMT_STMT_INSERT_3	CHAR(1)	null	StringType()	1	FALSE
488	10000	PMT_STMT_INSERT_4	CHAR(1)	null	StringType()	1	FALSE
489	10000	PMT_STMT_INSERT_5	CHAR(1)	null	StringType()	1	FALSE
490	10000	TRIAD_SCORE_RAW	DECIMAL(3,0)	null	IntegerType()	3	FALSE
491	10000	TRIAD_SCORE_ALIGNED	DECIMAL(3,0)	null	IntegerType()	3	FALSE
492	10000	TRIAD_SCORE_CARD_ID	DECIMAL(3,0)	null	IntegerType()	3	FALSE
1	10001	AccountNo	varchar(19)	null	StringType()	19	FALSE
2	10001	CustomerID	varchar(25)	null	StringType()	25	FALSE
3	10001	PAYMENT_STATUS_CTD	CHAR(1)	null	StringType()	1	FALSE
4	10001	PAYMENT_TIMING_CTD	CHAR(1)	null	StringType()	1	FALSE
5	10001	COLLECTION_AGENCY	CHAR(6)	null	StringType()	6	FALSE
6	10001	BILL_STMT_AT_CYCLE	CHAR(1)	null	StringType()	1	FALSE
7	10001	PASTDUE_AT_CYCLE	CHAR(1)	null	StringType()	1	FALSE
8	10001	OVERLIMIT_AT_CYCLE	CHAR(1)	null	StringType()	1	FALSE
9	10001	FIX_PAYMENT_OPERATOR_ID	CHAR(6)	null	StringType()	6	FALSE
10	10001	PAY_WITHIN_FORCED_GRAC_PD	CHAR(1)	null	StringType()	1	FALSE
11	10001	CB_HISTORY_CHANGE_CTD_IND	CHAR(1)	null	StringType()	1	FALSE
12	10001	COFF_REINSTAT_OPERATOR_ID	CHAR(6)	null	StringType()	6	FALSE
13	10001	COFF_HOLD_OPERATOR_ID	CHAR(6)	null	StringType()	6	FALSE
14	10001	OVERLIMIT_CURR_CYCLE_IND	CHAR(1)	null	StringType()	1	FALSE
15	10001	REAGE_PAYMENT_COUNTER_IND	CHAR(1)	null	StringType()	1	FALSE
16	10001	ANN_STMT_LAST_DATE	DECIMAL(7,0)	null	IntegerType()	7	FALSE
17	10001	REAGE_CONS_PAY_COUNTER	DECIMAL(3,0)	null	IntegerType()	3	FALSE
18	10001	NUM_COLL_FEES_BILLED_YTD	DECIMAL(5,0)	null	IntegerType()	5	FALSE
19	10001	AMT_COLL_FEE_BILLED_YTD	DECIMAL(13,2)	null	IntegerType()	13	FALSE
20	10001	NUM_STOP_FEES_BILLED_YTD	DECIMAL(5,0)	null	IntegerType()	5	FALSE
21	10001	AMT_STOP_FEE_BILLED_YTD	DECIMAL(13,2)	null	IntegerType()	13	FALSE
22	10001	AMT_LAST_FINANCE_CHARGE	DECIMAL(13,2)	null	IntegerType()	13	FALSE
23	10001	DATE_CHARGEOFF_REINSTATED	DECIMAL(7,0)	null	IntegerType()	7	FALSE
24	10001	AMT_LAST_FEE	DECIMAL(13,2)	null	IntegerType()	13	FALSE
25	10001	DATE_LAST_FEE	DECIMAL(7,0)	null	IntegerType()	7	FALSE
26	10001	DATE_POTENTIAL_CHARGEOFF	DECIMAL(7,0)	null	IntegerType()	7	FALSE
27	10001	DATE_COFF_DELAYED_THRU	DECIMAL(7,0)	null	IntegerType()	7	FALSE
28	10001	AMT_CREDIT_BAL_REFUND	DECIMAL(13,2)	null	IntegerType()	13	FALSE
29	10001	DATE_CREDIT_BAL_REFUND	DECIMAL(7,0)	null	IntegerType()	7	FALSE
30	10001	AMT_LAST_ATM	DECIMAL(13,2)	null	IntegerType()	13	FALSE
31	10001	DATE_LAST_ATM	DECIMAL(7,0)	null	IntegerType()	7	FALSE
32	10001	SKIP_MIN_PAY	DECIMAL(13,2)	null	IntegerType()	13	FALSE
33	10001	BALANCE_CURRENT	DECIMAL(13,2)	null	IntegerType()	13	FALSE
34	10001	BALANCE_PREV_STATEMENT	DECIMAL(13,2)	null	IntegerType()	13	FALSE
35	10001	DATE_HIGH_BALANCE	DECIMAL(7,0)	null	IntegerType()	7	FALSE
36	10001	BALANCE_HIGH_LTD	DECIMAL(13,2)	null	IntegerType()	13	FALSE
37	10001	OUT_MIN_PAYMENT_DUE	DECIMAL(13,2)	null	IntegerType()	13	FALSE
38	10001	DATE_FIRST_USE	DECIMAL(7,0)	null	IntegerType()	7	FALSE
39	10001	DATE_PAYMENT_DUE	DECIMAL(7,0)	null	IntegerType()	7	FALSE
40	10001	DATE_BEG_FIX_PAYMENT	DECIMAL(7,0)	null	IntegerType()	7	FALSE
41	10001	DATE_END_FIX_PAYMENT	DECIMAL(7,0)	null	IntegerType()	7	FALSE
42	10001	DATE_FIX_PAYMENT_TAKEN	DECIMAL(7,0)	null	IntegerType()	7	FALSE
43	10001	AMT_FIX_PAYMENT	DECIMAL(13,2)	null	IntegerType()	13	FALSE
44	10001	NUM_DEBIT_TRAN_MEMO	DECIMAL(7,0)	null	IntegerType()	7	FALSE
45	10001	AMT_DEBIT_TRAN_MEMO	DECIMAL(13,2)	null	IntegerType()	13	FALSE
46	10001	NUM_CREDIT_TRAN_MEMO	DECIMAL(7,0)	null	IntegerType()	7	FALSE
47	10001	AMT_CREDIT_TRAN_MEMO	DECIMAL(13,2)	null	IntegerType()	13	FALSE
48	10001	NUM_PAYMENT_TRAN_MEMO	DECIMAL(7,0)	null	IntegerType()	7	FALSE
49	10001	AMT_PAYMENT_TRAN_MEMO	DECIMAL(13,2)	null	IntegerType()	13	FALSE
50	10001	NUM_ACTIVE_DISPUTES_OUT	DECIMAL(3,0)	null	IntegerType()	3	FALSE
51	10001	AMT_ACTIVE_DISPUTES_OUT	DECIMAL(13,2)	null	IntegerType()	13	FALSE
52	10001	DATE_ASSIGNED_COLL_AGENCY	DECIMAL(7,0)	null	IntegerType()	7	FALSE
53	10001	CONS_BILL_CR_BALANCE	DECIMAL(3,0)	null	IntegerType()	3	FALSE
54	10001	PREPAYMENT_COUNTER	DECIMAL(1,0)	null	IntegerType()	1	FALSE
55	10001	DATE_NEXT_COMPUTE_MIN_PAY	DECIMAL(7,0)	null	IntegerType()	7	FALSE
56	10001	NUM_LTE_FEE_SINCE_LST_CUR	DECIMAL(5,0)	null	IntegerType()	5	FALSE
57	10001	NUM_OL_FEE_LST_W_IN_LIMIT	DECIMAL(5,0)	null	IntegerType()	5	FALSE
58	10001	DATE_NEXT_ANN_FEE	DECIMAL(7,0)	null	IntegerType()	7	FALSE
59	10001	NEXT_PAYMENT_DATE	DECIMAL(7,0)	null	IntegerType()	7	FALSE
60	10001	DATE_LAST_DISPUTE_ENTERED	DECIMAL(7,0)	null	IntegerType()	7	FALSE
61	10001	AMT_LAST_DISPUTE	DECIMAL(13,2)	null	IntegerType()	13	FALSE
62	10001	DATE_LAST_PAYMENT	DECIMAL(7,0)	null	IntegerType()	7	FALSE
63	10001	AMT_LAST_PAYMENT	DECIMAL(13,2)	null	IntegerType()	13	FALSE
64	10001	DATE_LAST_PURCHASE	DECIMAL(7,0)	null	IntegerType()	7	FALSE
65	10001	AMT_LAST_PURCHASE	DECIMAL(13,2)	null	IntegerType()	13	FALSE
66	10001	DATE_LAST_CASH	DECIMAL(7,0)	null	IntegerType()	7	FALSE
67	10001	AMT_LAST_CASH	DECIMAL(13,2)	null	IntegerType()	13	FALSE
68	10001	DATE_LAST_CREDIT	DECIMAL(7,0)	null	IntegerType()	7	FALSE
69	10001	AMT_LAST_CREDIT	DECIMAL(13,2)	null	IntegerType()	13	FALSE
70	10001	DATE_LAST_ANN_FEE	DECIMAL(7,0)	null	IntegerType()	7	FALSE
71	10001	AMT_LAST_ANN_FEE	DECIMAL(13,2)	null	IntegerType()	13	FALSE
72	10001	DATE_LAST_OD_PROT_XFR	DECIMAL(7,0)	null	IntegerType()	7	FALSE
73	10001	AMT_LAST_OD_PROT_XFR	DECIMAL(13,2)	null	IntegerType()	13	FALSE
74	10001	DATE_LAST_CONV_CHECK	DECIMAL(7,0)	null	IntegerType()	7	FALSE
75	10001	AMT_LAST_CONV_CHECK	DECIMAL(13,2)	null	IntegerType()	13	FALSE
76	10001	DATE_LAST_NSF_PAYMENT	DECIMAL(7,0)	null	IntegerType()	7	FALSE
77	10001	AMT_LAST_NSF_PAYMENT	DECIMAL(13,2)	null	IntegerType()	13	FALSE
78	10001	DATE_LAST_SYS_GEN_TRANS	DECIMAL(7,0)	null	IntegerType()	7	FALSE
79	10001	AMT_LAST_SYS_GEN_TRANS	DECIMAL(13,2)	null	IntegerType()	13	FALSE
80	10001	DATE_LAST_DEBIT_ADJ	DECIMAL(7,0)	null	IntegerType()	7	FALSE
81	10001	AMT_LAST_DEBIT_ADJ	DECIMAL(13,2)	null	IntegerType()	13	FALSE
82	10001	DATE_LAST_CREDIT_ADJ	DECIMAL(7,0)	null	IntegerType()	7	FALSE
83	10001	AMT_LAST_CREDIT_ADJ	DECIMAL(13,2)	null	IntegerType()	13	FALSE
84	10001	AMT_LAST_AUTO_PAYMENT	DECIMAL(13,2)	null	IntegerType()	13	FALSE
85	10001	DATE_LAST_AUTO_PAYMENT	DECIMAL(7,0)	null	IntegerType()	7	FALSE
86	10001	DATE_LAST_FCHG	DECIMAL(7,0)	null	IntegerType()	7	FALSE
87	10001	DATE_LAST_PAID_BALANCE	DECIMAL(7,0)	null	IntegerType()	7	FALSE
88	10001	DATE_LAST_SKIP_A_PAY	DECIMAL(7,0)	null	IntegerType()	7	FALSE
89	10001	NUM_PTP_BROKEN_YTD	DECIMAL(3,0)	null	IntegerType()	3	FALSE
90	10001	AMT_PTP_BROKEN_YTD	DECIMAL(13,2)	null	IntegerType()	13	FALSE
91	10001	NUM_PTP_BROKEN_PYE	DECIMAL(3,0)	null	IntegerType()	3	FALSE
92	10001	AMT_PTP_BROKEN_PYE	DECIMAL(13,2)	null	IntegerType()	13	FALSE
93	10001	NUM_PTP_BROKEN_LTD	DECIMAL(3,0)	null	IntegerType()	3	FALSE
94	10001	AMT_PTP_BROKEN_LTD	DECIMAL(13,2)	null	IntegerType()	13	FALSE
95	10001	NUM_PTP_KEPT_YTD	DECIMAL(3,0)	null	IntegerType()	3	FALSE
96	10001	AMT_PTP_KEPT_YTD	DECIMAL(13,2)	null	IntegerType()	13	FALSE
97	10001	NUM_PTP_KEPT_PYE	DECIMAL(3,0)	null	IntegerType()	3	FALSE
98	10001	AMT_PTP_KEPT_PYE	DECIMAL(13,2)	null	IntegerType()	13	FALSE
99	10001	NUM_PTP_KEPT_LTD	DECIMAL(3,0)	null	IntegerType()	3	FALSE
100	10001	AMT_PTP_KEPT_LTD	DECIMAL(13,2)	null	IntegerType()	13	FALSE
101	10001	NUM_PTP_PARTIAL_YTD	DECIMAL(3,0)	null	IntegerType()	3	FALSE
102	10001	AMT_PTP_PARTIAL_YTD	DECIMAL(13,2)	null	IntegerType()	13	FALSE
103	10001	NUM_PTP_PARTIAL_PYE	DECIMAL(3,0)	null	IntegerType()	3	FALSE
104	10001	AMT_PTP_PARTIAL_PYE	DECIMAL(13,2)	null	IntegerType()	13	FALSE
105	10001	NUM_PTP_PARTIAL_LTD	DECIMAL(3,0)	null	IntegerType()	3	FALSE
106	10001	AMT_PTP_PARTIAL_LTD	DECIMAL(13,2)	null	IntegerType()	13	FALSE
107	10001	NUM_PTP_DELETE_YTD	DECIMAL(3,0)	null	IntegerType()	3	FALSE
108	10001	AMT_PTP_DELETE_YTD	DECIMAL(13,2)	null	IntegerType()	13	FALSE
109	10001	NUM_PTP_DELETE_PYE	DECIMAL(3,0)	null	IntegerType()	3	FALSE
110	10001	AMT_PTP_DELETE_PYE	DECIMAL(13,2)	null	IntegerType()	13	FALSE
111	10001	NUM_PTP_DELETE_LTD	DECIMAL(3,0)	null	IntegerType()	3	FALSE
112	10001	AMT_PTP_DELETE_LTD	DECIMAL(13,2)	null	IntegerType()	13	FALSE
113	10001	NUM_DISPUTE_YTD	DECIMAL(3,0)	null	IntegerType()	3	FALSE
114	10001	AMT_DISPUTE_YTD	DECIMAL(13,2)	null	IntegerType()	13	FALSE
115	10001	NUM_DISPUTE_PYE	DECIMAL(3,0)	null	IntegerType()	3	FALSE
116	10001	AMT_DISPUTE_PYE	DECIMAL(13,2)	null	IntegerType()	13	FALSE
117	10001	NUM_DISPUTE_LTD	DECIMAL(3,0)	null	IntegerType()	3	FALSE
118	10001	AMT_DISPUTE_LTD	DECIMAL(13,2)	null	IntegerType()	13	FALSE
119	10001	NUM_DISPUTE_CUST_YTD	DECIMAL(3,0)	null	IntegerType()	3	FALSE
120	10001	AMT_DISPUTE_CUST_YTD	DECIMAL(13,2)	null	IntegerType()	13	FALSE
121	10001	NUM_DISPUTE_CUST_PYE	DECIMAL(3,0)	null	IntegerType()	3	FALSE
122	10001	AMT_DISPUTE_CUST_PYE	DECIMAL(13,2)	null	IntegerType()	13	FALSE
123	10001	NUM_DISPUTE_CUST_LTD	DECIMAL(3,0)	null	IntegerType()	3	FALSE
124	10001	AMT_DISPUTE_CUST_LTD	DECIMAL(13,2)	null	IntegerType()	13	FALSE
125	10001	NUM_DISPUTE_CLIENT_YTD	DECIMAL(3,0)	null	IntegerType()	3	FALSE
126	10001	AMT_DISPUTE_CLIENT_YTD	DECIMAL(13,2)	null	IntegerType()	13	FALSE
127	10001	NUM_DISPUTE_CLIENT_PYE	DECIMAL(3,0)	null	IntegerType()	3	FALSE
128	10001	AMT_DISPUTE_CLIENT_PYE	DECIMAL(13,2)	null	IntegerType()	13	FALSE
129	10001	NUM_DISPUTE_CLIENT_LTD	DECIMAL(3,0)	null	IntegerType()	3	FALSE
130	10001	AMT_DISPUTE_CLIENT_LTD	DECIMAL(13,2)	null	IntegerType()	13	FALSE
131	10001	NUM_PAYMENTS_YTD	DECIMAL(5,0)	null	IntegerType()	5	FALSE
132	10001	AMT_PAYMENTS_YTD	DECIMAL(13,2)	null	IntegerType()	13	FALSE
133	10001	NUM_PAYMENTS_PYE	DECIMAL(5,0)	null	IntegerType()	5	FALSE
134	10001	AMT_PAYMENTS_PYE	DECIMAL(13,2)	null	IntegerType()	13	FALSE
135	10001	NUM_PAYMENTS_LTD	DECIMAL(5,0)	null	IntegerType()	5	FALSE
136	10001	AMT_PAYMENTS_LTD	DECIMAL(13,2)	null	IntegerType()	13	FALSE
137	10001	NUM_PAYMENTS_CTD	DECIMAL(5,0)	null	IntegerType()	5	FALSE
138	10001	AMT_PAYMENTS_CTD	DECIMAL(13,2)	null	IntegerType()	13	FALSE
139	10001	AMT_FCHG_BILLED_YTD	DECIMAL(13,2)	null	IntegerType()	13	FALSE
140	10001	AMT_FCHG_BILLED_PYE	DECIMAL(13,2)	null	IntegerType()	13	FALSE
141	10001	AMT_FCHG_BILLED_LTD	DECIMAL(13,2)	null	IntegerType()	13	FALSE
142	10001	AMT_FCHG_PAID_YTD	DECIMAL(13,2)	null	IntegerType()	13	FALSE
143	10001	AMT_FCHG_PAID_PYE	DECIMAL(13,2)	null	IntegerType()	13	FALSE
144	10001	AMT_FCHG_PAID_LTD	DECIMAL(13,2)	null	IntegerType()	13	FALSE
145	10001	NUM_NSF_PAYMENTS_YTD	DECIMAL(3,0)	null	IntegerType()	3	FALSE
146	10001	AMT_NSF_PAYMENTS_YTD	DECIMAL(13,2)	null	IntegerType()	13	FALSE
147	10001	NUM_NSF_PAYMENTS_PYE	DECIMAL(3,0)	null	IntegerType()	3	FALSE
148	10001	AMT_NSF_PAYMENTS_PYE	DECIMAL(13,2)	null	IntegerType()	13	FALSE
149	10001	NUM_NSF_PAYMENTS_LTD	DECIMAL(3,0)	null	IntegerType()	3	FALSE
150	10001	AMT_NSF_PAYMENTS_LTD	DECIMAL(13,2)	null	IntegerType()	13	FALSE
151	10001	NUM_LIMIT_INCREASE_YTD	DECIMAL(3,0)	null	IntegerType()	3	FALSE
152	10001	AMT_LIMIT_INCREASE_YTD	DECIMAL(11,0)	null	IntegerType()	11	FALSE
153	10001	NUM_LIMIT_INCREASE_PYE	DECIMAL(3,0)	null	IntegerType()	3	FALSE
154	10001	AMT_LIMIT_INCREASE_PYE	DECIMAL(11,0)	null	IntegerType()	11	FALSE
155	10001	NUM_LIMIT_INCREASE_LTD	DECIMAL(3,0)	null	IntegerType()	3	FALSE
156	10001	AMT_LIMIT_INCREASE_LTD	DECIMAL(11,0)	null	IntegerType()	11	FALSE
157	10001	NUM_LIMIT_DECREASE_YTD	DECIMAL(3,0)	null	IntegerType()	3	FALSE
158	10001	AMT_LIMIT_DECREASE_YTD	DECIMAL(11,0)	null	IntegerType()	11	FALSE
159	10001	NUM_LIMIT_DECREASE_PYE	DECIMAL(3,0)	null	IntegerType()	3	FALSE
160	10001	AMT_LIMIT_DECREASE_PYE	DECIMAL(11,0)	null	IntegerType()	11	FALSE
161	10001	NUM_LIMIT_DECREASE_LTD	DECIMAL(3,0)	null	IntegerType()	3	FALSE
162	10001	AMT_LIMIT_DECREASE_LTD	DECIMAL(11,0)	null	IntegerType()	11	FALSE
163	10001	NUM_PURCHASES_YTD	DECIMAL(7,0)	null	IntegerType()	7	FALSE
164	10001	AMT_PURCHASES_YTD	DECIMAL(13,2)	null	IntegerType()	13	FALSE
165	10001	NUM_PURCHASES_LTD	DECIMAL(7,0)	null	IntegerType()	7	FALSE
166	10001	AMT_PURCHASES_LTD	DECIMAL(13,2)	null	IntegerType()	13	FALSE
167	10001	NUM_CASH_YTD	DECIMAL(7,0)	null	IntegerType()	7	FALSE
168	10001	AMT_CASH_YTD	DECIMAL(13,2)	null	IntegerType()	13	FALSE
169	10001	NUM_CASH_LTD	DECIMAL(7,0)	null	IntegerType()	7	FALSE
170	10001	AMT_CASH_LTD	DECIMAL(13,2)	null	IntegerType()	13	FALSE
171	10001	NUM_CONV_CHECKS_YTD	DECIMAL(5,0)	null	IntegerType()	5	FALSE
172	10001	AMT_CONV_CHECKS_YTD	DECIMAL(13,2)	null	IntegerType()	13	FALSE
173	10001	NUM_CONV_CHECKS_LTD	DECIMAL(5,0)	null	IntegerType()	5	FALSE
174	10001	AMT_CONV_CHECKS_LTD	DECIMAL(13,2)	null	IntegerType()	13	FALSE
175	10001	NUM_CREDITS_YTD	DECIMAL(5,0)	null	IntegerType()	5	FALSE
176	10001	AMT_CREDITS_YTD	DECIMAL(13,2)	null	IntegerType()	13	FALSE
177	10001	NUM_CREDITS_LTD	DECIMAL(5,0)	null	IntegerType()	5	FALSE
178	10001	AMT_CREDITS_LTD	DECIMAL(13,2)	null	IntegerType()	13	FALSE
179	10001	FUTURE_PAYMENT_COUNTER	DECIMAL(3,0)	null	IntegerType()	3	FALSE
180	10001	ACCT_IN_BAL_IND	CHAR(1)	null	StringType()	1	FALSE
181	10001	NUM_LATE_FEES_BILLED_YTD	DECIMAL(5,0)	null	IntegerType()	5	FALSE
182	10001	NUM_OL_FEES_BILLED_YTD	DECIMAL(5,0)	null	IntegerType()	5	FALSE
183	10001	AMT_OL_FEES_BILLED_YTD	DECIMAL(13,2)	null	IntegerType()	13	FALSE
184	10001	AMT_LATEFEE_BILLED_YTD	DECIMAL(13,2)	null	IntegerType()	13	FALSE
185	10001	AMT_LATEFEE_PAID_YTD	DECIMAL(13,2)	null	IntegerType()	13	FALSE
186	10001	NUM_MISC_DEBITS_CTD	DECIMAL(5,0)	null	IntegerType()	5	FALSE
187	10001	AMT_MISC_DEBITS_CTD	DECIMAL(13,2)	null	IntegerType()	13	FALSE
188	10001	NUM_MISC_CREDITS_CTD	DECIMAL(5,0)	null	IntegerType()	5	FALSE
189	10001	AMT_MISC_CREDITS_CTD	DECIMAL(13,2)	null	IntegerType()	13	FALSE
190	10001	AMT_NSF_PAYMENTS_CTD	DECIMAL(13,2)	null	IntegerType()	13	FALSE
191	10001	NUM_NSF_PAYMENTS_CTD	DECIMAL(3,0)	null	IntegerType()	3	FALSE
192	10001	CHGS_CONS_IN_MIN_FCHG_CTD	DECIMAL(13,2)	null	IntegerType()	13	FALSE
193	10001	CHGS_CONSIDERED_FCHG_CTD	DECIMAL(13,2)	null	IntegerType()	13	FALSE
194	10001	AMT_CSHADV_SBJ_FR_FEE_CTD	DECIMAL(13,2)	null	IntegerType()	13	FALSE
195	10001	GEN_ANN_STMT_IND	CHAR(1)	null	StringType()	1	FALSE
196	10001	AMT_BKDT_CTD	DECIMAL(13,2)	null	IntegerType()	13	FALSE
197	10001	DATE_POST_FIRST_USE	DECIMAL(7,0)	null	IntegerType()	7	FALSE
198	10001	PRENOTE_ACCT_WAIVE	CHAR(1)	null	StringType()	1	FALSE
199	10001	DATE_LAST_FLOAT_PAY	DECIMAL(7,0)	null	IntegerType()	7	FALSE
200	10001	AMF_OVR_REAS_DSPLY	CHAR(2)	null	StringType()	2	FALSE
201	10001	HIGH_BAL_SINCE_PIF	DECIMAL(13,2)	null	IntegerType()	13	FALSE
202	10001	DATE_HIGH_BAL_PIF	DECIMAL(7,0)	null	IntegerType()	7	FALSE
203	10001	NEXT_TLP_EXPIRATION_DATE	DECIMAL(7,0)	null	IntegerType()	7	FALSE
204	10001	TLP_LAST_NUM	DECIMAL(5,0)	null	IntegerType()	5	FALSE
205	10001	BALANCE_AT_BANKRUPTCY	DECIMAL(13,2)	null	IntegerType()	13	FALSE
206	10001	AMT_NON_NSF_PMT_REV_CTD	DECIMAL(13,2)	null	IntegerType()	13	FALSE
207	10001	SYS_GEN_LATE_FEE_FLAG	CHAR(1)	null	StringType()	1	FALSE
208	10001	COLL_IND	CHAR(1)	null	StringType()	1	FALSE
209	10001	AUTOP_EARLY_DUE_DATE	DECIMAL(7,0)	null	IntegerType()	7	FALSE
210	10001	WAIVE_LATE_FEE_MONTHS	DECIMAL(3,0)	null	IntegerType()	3	FALSE
211	10001	WAIVE_FCHG_MONTHS	DECIMAL(3,0)	null	IntegerType()	3	FALSE
212	10001	WAIVE_FX_ADJ_MONTHS	DECIMAL(3,0)	null	IntegerType()	3	FALSE
213	10001	SCO_MSG_SUPP_IND	CHAR(1)	null	StringType()	1	FALSE
214	10001	CA_LAW_TOTAL_MONTHS	DECIMAL(5,0)	null	IntegerType()	5	FALSE
215	10001	CA_LAW_DATE_LAST_CALC	DECIMAL(7,0)	null	IntegerType()	7	FALSE
216	10001	CA_LAW_TOTAL_AMT	DECIMAL(13,2)	null	IntegerType()	13	FALSE
217	10001	CA_LAW_TOTAL_FINC_AMT	DECIMAL(13,2)	null	IntegerType()	13	FALSE
218	10001	MTHS_CONSECUTIVE_MIN_PAY	DECIMAL(2,0)	null	IntegerType()	2	FALSE
219	10001	CA_LAW_CALC_PAYOFF	CHAR(1)	null	StringType()	1	FALSE
220	10001	PAY_REQ_MET_DATE	DECIMAL(7,0)	null	IntegerType()	7	FALSE
221	10001	RES_LAST_PAYMENT_TYPE	DECIMAL(1,0)	null	IntegerType()	1	FALSE
222	10001	RES_NON_MAIL_PAY_COUNT	DECIMAL(2,0)	null	IntegerType()	2	FALSE
223	10001	RES_INDICATOR	CHAR(1)	null	StringType()	1	FALSE
224	10001	DATE_FIRST_AWARD_CASH	DECIMAL(7,0)	null	IntegerType()	7	FALSE
225	10001	AMT_FIRST_AWARD_CASH	DECIMAL(13,2)	null	IntegerType()	13	FALSE
226	10001	DATE_FIRST_AWARD_PURCH	DECIMAL(7,0)	null	IntegerType()	7	FALSE
227	10001	AMT_FIRST_AWARD_PURCH	DECIMAL(13,2)	null	IntegerType()	13	FALSE
228	10001	AMT_FEES_BILLED_YTD	DECIMAL(13,2)	null	IntegerType()	13	FALSE
229	10001	AMT_TRANS_PREV_POSTED	DECIMAL(13,2)	null	IntegerType()	13	FALSE
230	10001	RETURN_CHECK_FEE	DECIMAL(2,0)	null	IntegerType()	2	FALSE
231	10001	PAID_IN_FULL_CYCLE_IND	CHAR(1)	null	StringType()	1	FALSE
232	10001	SEGMENT_LENGTH	DECIMAL(4,0)	null	IntegerType()	4	FALSE
233	10001	EBPP_VENDOR_ID	CHAR(2)	null	StringType()	2	FALSE
234	10001	EBPP_OPTION_ID	CHAR(2)	null	StringType()	2	FALSE
